{"loss": [1.0353590250015259, 0.9420450925827026, 0.9241420030593872, 0.9080713391304016, 0.9041807055473328, 0.8950676321983337, 0.8906093239784241, 0.8837062120437622, 0.8795608282089233, 0.8710836172103882], "sparse_categorical_accuracy": [0.44789841771125793, 0.45454904437065125, 0.4559894800186157, 0.4581698775291443, 0.4609588384628296, 0.46596759557724, 0.47021016478538513, 0.47703152894973755, 0.4835989475250244, 0.4920315146446228], "val_loss": [0.9005513787269592, 0.8916319012641907, 0.8884372711181641, 0.8942914605140686, 0.8887580633163452, 0.8901044130325317, 0.9093610644340515, 0.90582275390625, 0.8938598036766052, 0.9023168683052063], "val_sparse_categorical_accuracy": [0.4542187452316284, 0.46220311522483826, 0.4632031321525574, 0.46220311522483826, 0.4641093611717224, 0.464906245470047, 0.4622812569141388, 0.4678906202316284, 0.47414061427116394, 0.47145313024520874]}